Product Card Id,Product Name,Category Name,Department Name
1360,Smart watch ,Sporting Goods,Fitness
365,Perfect Fitness Perfect Rip Deck,Cleats,Apparel
627,Under Armour Girls' Toddler Spine Surge Runni,Shop By Sport,Golf
502,Nike Men's Dri-FIT Victory Golf Polo,Women's Apparel,Golf
278,Under Armour Men's Compression EV SL Slide,Electronics,Footwear
249,Under Armour Women's Micro G Skulpt Running S,Boxing & MMA,Footwear
191,Nike Men's Free 5.0+ Running Shoe,Cardio Equipment,Footwear
917,Glove It Women's Mod Oval 3-Zip Carry All Gol,Trade-In,Outdoors
828,Bridgestone e6 Straight Distance NFL San Dieg,Electronics,Outdoors
642,Columbia Men's PFG Anchor Tough T-Shirt,Shop By Sport,Golf
818,Titleist Pro V1x Golf Balls,Electronics,Outdoors
825,Bridgestone e6 Straight Distance NFL Tennesse,Electronics,Outdoors
306,Polar FT4 Heart Rate Monitor,Kids' Golf Clubs,Outdoors
977,ENO Atlas Hammock Straps,Hunting & Shooting,Fan Shop
44,adidas Men's F10 Messi TRX FG Soccer Cleat,Baseball & Softball,Fitness
251,Brooks Women's Ghost 6 Running Shoe,Boxing & MMA,Footwear
403,Nike Men's CJ Elite 2 TD Football Cleat,Men's Footwear,Apparel
957,Diamondback Women's Serene Classic Comfort Bi,Camping & Hiking,Fan Shop
1352,Industrial consumer electronics,Consumer Electronics,Technology
1349,Web Camera,Cameras ,Technology
1351,Dell Laptop,Computers,Technology
60,SOLE E25 Elliptical,Basketball,Fitness
24,Elevation Training Mask 2.0,Soccer,Fitness
567,adidas Men's Germany Black Crest Away Tee,Girls' Apparel,Golf
893,Team Golf Pittsburgh Steelers Putter Grip,Accessories,Outdoors
924,Glove It Urban Brick Golf Towel,Trade-In,Outdoors
905,Team Golf Texas Longhorns Putter Grip,Accessories,Outdoors
564,Nike Men's Deutschland Weltmeister Winners Bl,Girls' Apparel,Golf
885,Team Golf St. Louis Cardinals Putter Grip,Accessories,Outdoors
1363,Summer dresses,Women's Clothing,Apparel
1353,Porcelain crafts,Crafts,Apparel
1357,Men's gala suit,Men's Clothing,Apparel
906,Team Golf Tennessee Volunteers Putter Grip,Accessories,Outdoors
886,Team Golf San Francisco Giants Putter Grip,Accessories,Outdoors
926,Glove It Imperial Golf Towel,Trade-In,Outdoors
116,Nike Men's Comfort 2 Slide,Tennis & Racquet,Fitness
235,Under Armour Hustle Storm Medium Duffle Bag,Fitness Accessories,Footwear
273,Under Armour Kids' Mercenary Slide,Electronics,Footwear
282,Under Armour Women's Ignite PIP VI Slide,Electronics,Footwear
359,Nike Men's Free TR 5.0 TB Training Shoe,As Seen on  TV!,Footwear
565,adidas Youth Germany Black/Red Away Match Soc,Girls' Apparel,Golf
572,TYR Boys' Team Digi Jammer,Girls' Apparel,Golf
804,Glove It Women's Imperial Golf Glove,Golf Balls,Outdoors
822,Titleist Pro V1x High Numbers Golf Balls,Electronics,Outdoors
835,Bridgestone e6 Straight Distance NFL Carolina,Electronics,Outdoors
276,Under Armour Women's Ignite Slide,Electronics,Footwear
823,Titleist Pro V1x High Numbers Personalized Go,Electronics,Outdoors
203,GoPro HERO3+ Black Edition Camera,Strength Training,Footwear
364,Total Gym 1400,Cleats,Apparel
1350,Children's heaters,Children's Clothing,Apparel
897,Team Golf New England Patriots Putter Grip,Accessories,Outdoors
37,adidas Kids' F5 Messi FG Soccer Cleat,Baseball & Softball,Fitness
172,Nike Women's Tempo Shorts,Cardio Equipment,Footwear
810,Glove It Women's Mod Oval Golf Glove,Golf Balls,Outdoors
821,Titleist Pro V1 High Numbers Personalized Gol,Electronics,Outdoors
93,Under Armour Men's Tech II T-Shirt,Lacrosse,Fitness
1347,Baby sweater,Baby ,Apparel
305,Mio ALPHA Heart Rate Monitor/Sport Watch,Kids' Golf Clubs,Outdoors
1004,Field & Stream Sportsman 16 Gun Fire Safe,Fishing,Fan Shop
1346,Sports Books ,Books ,Book Shop
58,Diamondback Boys' Insight 24 Performance Hybr,Basketball,Fitness
311,Polar Loop Activity Tracker,Kids' Golf Clubs,Outdoors
303,Garmin Forerunner 910XT GPS Watch,Kids' Golf Clubs,Outdoors
1354,DVDs ,DVDs,Discs Shop
1348,CDs of rock,CDs ,Discs Shop
78,Nike Kids' Grade School KD VI Basketball Shoe,Lacrosse,Fitness
258,Nike Women's Free 5.0 TR FIT PRT 4 Training S,Boxing & MMA,Footwear
797,Hirzl Women's Soffft Flex Golf Glove,Golf Balls,Outdoors
981,The North Face Women's Recon Backpack,Hunting & Shooting,Fan Shop
1355,Lawn mower,Garden,Outdoors
135,Nike Dri-FIT Crew Sock 6 Pack,Hockey,Fitness
134,Nike Women's Legend V-Neck T-Shirt,Hockey,Fitness
845,Garmin Approach S4 Golf GPS Watch,Kids' Golf Clubs,Outdoors
982,insta-bed Neverflat Air Mattress,Hunting & Shooting,Fan Shop
625,Nike Men's Kobe IX Elite Low Basketball Shoe,Shop By Sport,Golf
1359,Adult dog supplies,Pet Supplies,Pet Shop
1356,First aid kit,Health and Beauty,Health and Beauty
607,Garmin Approach S3 Golf GPS Watch,Trade-In,Outdoors
1358,Rock music,Music,Discs Shop
1362,Fighting video games,Video Games,Discs Shop
295,Fitbit The One Wireless Activity & Sleep Trac,Kids' Golf Clubs,Outdoors
127,Stiga Master Series ST3100 Competition Indoor,Hockey,Fitness
61,Diamondback Girls' Clarity 24 Hybrid Bike 201,Basketball,Fitness
35,adidas Brazuca 2014 Official Match Ball,Baseball & Softball,Fitness
858,GolfBuddy VT3 GPS Watch,Kids' Golf Clubs,Outdoors
860,Bushnell Pro X7 Jolt Slope Rangefinder,Kids' Golf Clubs,Outdoors
216,Yakima DoubleDown Ace Hitch Mount 4-Bike Rack,Strength Training,Footwear
19,Nike Men's Fingertrap Max Training Shoe,Soccer,Fitness
226,Bowflex SelectTech 1090 Dumbbells,Fitness Accessories,Footwear
208,SOLE E35 Elliptical,Strength Training,Footwear
793,Hirzl Women's Hybrid Golf Glove,Golf Balls,Outdoors
792,Hirzl Men's Hybrid Golf Glove,Golf Balls,Outdoors
786,TaylorMade 2014 Purelite Stand Bag,Golf Gloves,Outdoors
778,Bag Boy Beverage Holder,Golf Gloves,Outdoors
777,Bag Boy M330 Push Cart,Golf Gloves,Outdoors
775,Clicgear 8.0 Shoe Brush,Golf Gloves,Outdoors
773,Titleist Small Wheeled Travel Cover,Golf Gloves,Outdoors
771,Clicgear Rovic Cooler Bag,Golf Gloves,Outdoors
768,Titleist Club Glove Travel Cover,Golf Gloves,Outdoors
743,Ogio Race Golf Shoes,Golf Bags & Carts,Outdoors
730,LIJA Women's Argyle Golf Polo,Golf Shoes,Outdoors
728,LIJA Women's Eyelet Sleeveless Golf Polo,Golf Shoes,Outdoors
725,LIJA Women's Button Golf Dress,Golf Shoes,Outdoors
724,LIJA Women's Mid-Length Panel Golf Shorts,Golf Shoes,Outdoors
715,TaylorMade Women's RBZ SL Rescue,Golf Apparel,Outdoors
705,Cleveland Golf Women's 588 RTX CB Satin Chrom,Golf Apparel,Outdoors
703,Top Flite Women's 2014 XL Hybrid,Golf Apparel,Outdoors
691,MDGolf Pittsburgh Penguins Putter,Women's Golf Clubs,Outdoors
677,TaylorMade White Smoke IN-12 Putter,Women's Golf Clubs,Outdoors
671,Cleveland Golf Collegiate My Custom Wedge 588,Women's Golf Clubs,Outdoors
666,Merrell Men's All Out Flash Trail Running Sho,Men's Golf Clubs,Outdoors
652,Merrell Women's Grassbow Sport Waterproof Hik,Men's Golf Clubs,Outdoors
647,Merrell Women's Siren Mid Waterproof Hiking B,Men's Golf Clubs,Outdoors
646,Merrell Women's Grassbow Sport Hiking Shoe,Men's Golf Clubs,Outdoors
1361,Toys ,Toys,Fan Shop
1073,Pelican Sunstream 100 Kayak,Water Sports,Fan Shop
1059,Pelican Maverick 100X Kayak,Water Sports,Fan Shop
1014,O'Brien Men's Neoprene Life Vest,Indoor/Outdoor Games,Fan Shop
